Top pages,Clicks,Impressions,CTR,Position
https://www.fernandeslabs.com/tools/font-accessibility-checker,2,15,13.33%,8.4
https://www.fernandeslabs.com/category/media,1,9,11.11%,148.78
http://fernandeslabs.com/,1,8,12.5%,2.12
https://www.fernandeslabs.com/tools/unix-timestamp-converter,1,4,25%,16.25
https://www.fernandeslabs.com/tools/qr-generator,1,2,50%,1
https://www.fernandeslabs.com/tools/ip-lookup,0,2757,0%,83.48
https://www.fernandeslabs.com/tools/email-signature-generator,0,514,0%,87.25
https://www.fernandeslabs.com/tools/redirect-checker,0,225,0%,88.71
https://www.fernandeslabs.com/tools/canonical-url-checker,0,142,0%,74.35
https://www.fernandeslabs.com/blog/ip-address-lookup-guide,0,131,0%,67.49
https://www.fernandeslabs.com/tools/robots-txt-generator,0,125,0%,70.27
https://www.fernandeslabs.com/blog/what-is-a-301-redirect,0,69,0%,85.65
https://www.fernandeslabs.com/tools/file-signature-inspector,0,34,0%,28.41
https://www.fernandeslabs.com/,0,31,0%,5.87
https://www.fernandeslabs.com/tools/image-metadata-viewer,0,30,0%,88.43
https://www.fernandeslabs.com/tools/citation-generator,0,23,0%,64.87
https://www.fernandeslabs.com/tools/color-contrast-checker,0,17,0%,84.12
https://www.fernandeslabs.com/tools/mime-detector,0,10,0%,26.9
https://fernandeslabs.com/tools/mime-detector,0,8,0%,28
https://www.fernandeslabs.com/tools/jwt-decoder,0,8,0%,38.5
https://www.fernandeslabs.com/tools/capitalization-tool,0,8,0%,39.25
https://www.fernandeslabs.com/tools/regex-tester,0,8,0%,70.25
https://www.fernandeslabs.com/tools/dns-lookup,0,8,0%,76.5
https://www.fernandeslabs.com/blog/email-signature-guide,0,7,0%,67.14
https://www.fernandeslabs.com/tools/lorem-ipsum-generator,0,7,0%,68.43
https://www.fernandeslabs.com/blog/css-gradient-guide,0,7,0%,85.29
https://www.fernandeslabs.com/tools/unicode-inspector,0,6,0%,23.83
https://www.fernandeslabs.com/tools/ai-cost-calculator,0,6,0%,58.17
https://www.fernandeslabs.com/tools/jwt-generator,0,6,0%,59.67
https://www.fernandeslabs.com/tools/aria-validator,0,5,0%,11.2
https://www.fernandeslabs.com/tools/quote-generator,0,5,0%,42.6
https://fernandeslabs.com/tools/user-agent-parser,0,5,0%,53.8
https://www.fernandeslabs.com/tools/headline-analyzer,0,5,0%,78.6
https://www.fernandeslabs.com/tools/color-palette-extractor,0,4,0%,15
https://www.fernandeslabs.com/tools/http-header-checker,0,4,0%,40.75
https://www.fernandeslabs.com/terms,0,3,0%,5.67
https://www.fernandeslabs.com/tools/csp-generator,0,3,0%,25.33
https://fernandeslabs.com/tools/bmr-calculator,0,3,0%,31.33
https://www.fernandeslabs.com/tools/character-counter,0,3,0%,41.67
https://www.fernandeslabs.com/category/security,0,3,0%,48.33
https://www.fernandeslabs.com/tools/title-generator,0,3,0%,55.33
https://www.fernandeslabs.com/tools/ai-persona-generator,0,3,0%,64.33
https://www.fernandeslabs.com/tools/image-resizer,0,3,0%,70
https://www.fernandeslabs.com/tools/css-gradient-generator,0,3,0%,73
https://www.fernandeslabs.com/tools/campaign-url-builder,0,3,0%,76
https://www.fernandeslabs.com/tools/savings-calculator,0,3,0%,99.33
https://www.fernandeslabs.com/tools/reading-time-calculator,0,2,0%,9
https://www.fernandeslabs.com/tools/svg-viewer,0,2,0%,18
https://www.fernandeslabs.com/tools/qr-campaign-generator,0,2,0%,24.5
https://www.fernandeslabs.com/tools/duplicate-line-remover,0,2,0%,39.5
https://www.fernandeslabs.com/tools/uuid-generator,0,2,0%,40.5
https://www.fernandeslabs.com/tools/remove-blank-lines,0,2,0%,66
https://www.fernandeslabs.com/tools/ssl-checker,0,2,0%,88.5
https://www.fernandeslabs.com/tools/prompt-variable-replacer,0,1,0%,1
https://www.fernandeslabs.com/privacy,0,1,0%,2
https://www.fernandeslabs.com/tools/prompt-library,0,1,0%,2
https://www.fernandeslabs.com/tools/invoice-generator,0,1,0%,3
https://fernandeslabs.com/tools/css-minifier,0,1,0%,4
https://www.fernandeslabs.com/category/text,0,1,0%,6
https://www.fernandeslabs.com/category/seo,0,1,0%,7
https://www.fernandeslabs.com/category/misc,0,1,0%,8
https://fernandeslabs.com/tools/image-resizer,0,1,0%,9
https://www.fernandeslabs.com/tools/word-counter,0,1,0%,25
https://www.fernandeslabs.com/tools/ping-tool,0,1,0%,27
https://www.fernandeslabs.com/tools/base64-encoder-decoder,0,1,0%,32
https://www.fernandeslabs.com/tools/unit-converter,0,1,0%,43
https://www.fernandeslabs.com/tools/ai-workflow-builder,0,1,0%,44
https://www.fernandeslabs.com/tools/token-counter,0,1,0%,48
https://www.fernandeslabs.com/tools/vat-calculator,0,1,0%,51
https://www.fernandeslabs.com/tools/case-converter,0,1,0%,56
https://www.fernandeslabs.com/tools/sql-formatter,0,1,0%,67
https://www.fernandeslabs.com/tools/organization-schema-generator,0,1,0%,75
https://www.fernandeslabs.com/tools/text-sorter,0,1,0%,84