Top queries,Clicks,Impressions,CTR,Position
css generator gradient,1,2,50%,196.5
ip address lookup,0,374,0%,88.37
ip lookup,0,313,0%,78.36
ip finder,0,112,0%,72.62
internet protocol address lookup,0,105,0%,79.92
lookup ip address,0,76,0%,84.86
lookup ip,0,61,0%,83.48
make robots txt online,0,59,0%,65.64
canonical checker,0,59,0%,76.19
check for 301 redirect,0,55,0%,88.45
address finder ip,0,51,0%,94.96
email signature generator,0,51,0%,95.2
ip number lookup,0,47,0%,93.79
check redirect 301,0,45,0%,85.6
robot txt generator google,0,43,0%,75.23
i p address lookup,0,38,0%,83.87
ip to address lookup,0,38,0%,85.53
find ip,0,37,0%,78.05
test 301 redirect,0,36,0%,90.53
ip location lookup,0,33,0%,94.36
redirect detector,0,32,0%,89.09
ip lookup by address,0,29,0%,88.21
html email signature generator,0,28,0%,81.61
ip address search,0,27,0%,81.11
ip location finder,0,27,0%,86.56
create email signature online,0,27,0%,93.63
ip address finder,0,26,0%,75.81
free ip address lookup,0,25,0%,89.16
email signature generator free,0,24,0%,93.75
ip number search,0,23,0%,84.78
ip code lookup,0,22,0%,80.36
html signature generator,0,21,0%,78.76
isp number lookup,0,21,0%,80.38
search ip,0,20,0%,79.65
ip locator lookup,0,20,0%,85.2
ip search address,0,20,0%,93.55
ip address lookup free,0,19,0%,78
ip address location lookup,0,19,0%,83.21
find this ip address,0,19,0%,92.26
free email signature generator,0,19,0%,96
address lookup by ip,0,17,0%,88
look up ip address,0,17,0%,94.88
canonical url checker,0,16,0%,73.94
ip search,0,16,0%,74.69
ip checker online,0,16,0%,81.69
ip address locator,0,16,0%,84.62
thunderbird signature html generator,0,16,0%,90.62
address lookup ip,0,16,0%,98
ip to country lookup,0,15,0%,66.27
find redirect,0,15,0%,94.87
locate by ip,0,15,0%,97.27
ip canonicalization checker,0,14,0%,65.64
ip address trace,0,14,0%,83.79
find ip place,0,14,0%,86.5
ip address search free,0,13,0%,67.15
ip canonicalization test,0,13,0%,78.85
ip locator,0,13,0%,87.15
ip address location finder,0,13,0%,88.92
ip address address lookup,0,13,0%,91.15
lookup an ip address,0,13,0%,96.08
search a ip address,0,13,0%,97.69
check canonical url,0,12,0%,78.17
redirect tester,0,12,0%,82.25
search ip address,0,12,0%,85.5
ip search tool,0,12,0%,91.58
find ip address,0,11,0%,73.82
search by ip,0,11,0%,80.09
check ip by country,0,11,0%,81.55
locate ip address lookup,0,11,0%,82.91
ip suchen,0,11,0%,85.27
gmail signature generator,0,11,0%,86.27
free ip address,0,11,0%,95
ip where is lookup,0,10,0%,74.9
search ip number,0,10,0%,81.8
301 redirect check,0,10,0%,82.9
address ip lookup,0,10,0%,91.8
free gmail signature generator,0,10,0%,91.9
address ip finder,0,10,0%,97.8
canonical tag checker,0,9,0%,78.89
ip address search engine,0,9,0%,79.89
html email signature maker,0,9,0%,81.33
locator ip,0,9,0%,81.67
zoek op ip nummer,0,9,0%,81.67
look up address by ip,0,9,0%,83.22
email signature creator,0,9,0%,92.22
ip lookup with address,0,9,0%,93.11
find ip locator,0,9,0%,94.11
free email signature,0,9,0%,96.33
ip searcher,0,8,0%,62.12
ip lookup tool,0,8,0%,62.5
iplookup,0,8,0%,65.75
ip adressen finder,0,8,0%,71.75
robots txt generator google,0,8,0%,81.5
ip geolocation lookup,0,8,0%,82.75
gmail signature maker,0,8,0%,88.5
free ip lookup,0,7,0%,65.71
find and ip,0,7,0%,76.71
301 check,0,7,0%,78.57
redirect test,0,7,0%,78.57
check 301 redirect,0,7,0%,81.86
ip lookup location,0,7,0%,85.86
metadata viewer,0,7,0%,88.14
trace ip,0,7,0%,90.14
online signature creator for email,0,7,0%,92.29
online email signature maker,0,7,0%,95.71
locate ip,0,7,0%,95.86
301 status code,0,7,0%,96.57
email signature maker,0,7,0%,97.43
look up ip addresses,0,7,0%,97.57
ip look up,0,6,0%,42
ai cost calculator,0,6,0%,58.17
ip-locator,0,6,0%,66.17
create robot txt online,0,6,0%,73
email signature html code generator,0,6,0%,82.33
track ip address exact location free,0,6,0%,83.33
ip found,0,6,0%,87.67
ip number locator,0,6,0%,89
ip geolocation free,0,6,0%,89.33
ip address search engines,0,6,0%,92.17
find an ip address,0,6,0%,92.5
ip location checker,0,6,0%,95
ip addresses lookup,0,6,0%,97.33
ip search lookup,0,5,0%,62.6
finder ip,0,5,0%,75.6
html signature creator,0,5,0%,79.4
ip address finder for website,0,5,0%,79.6
free html email signature generator,0,5,0%,79.8
creating an online signature for email,0,5,0%,81
free html signature creator,0,5,0%,81.6
create email signature,0,5,0%,81.8
zoeken op ip,0,5,0%,82.6
email signature html generator,0,5,0%,83.2
ip address lookup by url,0,5,0%,85.4
ip trace,0,5,0%,88.8
free html signature maker,0,5,0%,89.2
301 redirect tester,0,5,0%,89.4
ip add lookup,0,5,0%,89.4
create online signature for email,0,5,0%,90.2
generate email signature,0,5,0%,91.4
find ip location,0,5,0%,91.6
email signature generator free online,0,5,0%,92.4
finding address from ip,0,5,0%,93
email signature generator online free,0,5,0%,93.8
signature generator for email,0,5,0%,95.4
ip address free,0,5,0%,96.2
lookup an ip,0,5,0%,96.2
search ip address location,0,5,0%,96.6
who is this ip address lookup,0,5,0%,97.6
who is ip address lookup,0,5,0%,98.8
"""geolocate ip address"" -site:reddit.com -site:twitter.com -site:x.com 
-site:wykop.pl -site:tripadvisor.com -site:youtube.com -site:yelp.com 
-site:booking.com -site:facebook.com -site:instagram.com -site:tiktok.com",0,4,0%,4.75
email signature generator online,0,4,0%,53.75
ip and location finder,0,4,0%,61
internet protocol locator,0,4,0%,65.75
canonical url checker online,0,4,0%,67.75
iplocation lookup,0,4,0%,68
search a ip,0,4,0%,68
canonical url check,0,4,0%,72.75
ip-adres zoeken locatie,0,4,0%,75
online email signature generator,0,4,0%,76.25
redirect check,0,4,0%,79.75
html signature email generator,0,4,0%,80.5
address finder by ip,0,4,0%,81.75
trace ip address,0,4,0%,83.5
html email signature builder,0,4,0%,86.5
html email signature creator,0,4,0%,87.25
ip finder site,0,4,0%,88.5
lookup ip number,0,4,0%,89
create an online signature for email,0,4,0%,89.5
lookup ip range,0,4,0%,90.25
find ip to location,0,4,0%,90.5
301 errors,0,4,0%,96
301 response,0,4,0%,96.75
who is this ip,0,4,0%,97
301 http,0,4,0%,98.25
online email signature creator,0,4,0%,98.25
user agent parser online,0,3,0%,40
ip looker,0,3,0%,40.33
ip lookups,0,3,0%,44.67
ip adres vinden,0,3,0%,49.33
ip place finder,0,3,0%,52
ipfind,0,3,0%,52.67
ip suche,0,3,0%,56.67
ip geolocation lookup free,0,3,0%,58
ip detector,0,3,0%,62.67
ip address lookup tool,0,3,0%,70.33
online citation generator,0,3,0%,73.67
zoek ip adres locatie,0,3,0%,74.33
html signature generator online,0,3,0%,75.33
regex online,0,3,0%,75.67
ip finder location,0,3,0%,76.33
free email signature generator html,0,3,0%,76.67
ip locater,0,3,0%,77.33
search with ip,0,3,0%,78
email signature generator html,0,3,0%,79.33
how to find ip address,0,3,0%,79.67
ip lookup tools,0,3,0%,79.67
ip country lookup,0,3,0%,82.33
ip search engine,0,3,0%,82.33
locate an ip address,0,3,0%,84.33
search internet address,0,3,0%,84.67
ip finden,0,3,0%,85
gmail signature creator,0,3,0%,85.67
meta data checker,0,3,0%,85.67
301 checker,0,3,0%,86
resolve ip,0,3,0%,86
html signature code generator,0,3,0%,86.33
create a email signature online,0,3,0%,87
ip address to location lookup,0,3,0%,87
ip address lookup online,0,3,0%,87.33
locate ip address,0,3,0%,87.33
ip address detector,0,3,0%,88
ip checker tool,0,3,0%,88
check redirects,0,3,0%,88.33
search from ip address,0,3,0%,88.33
find an ip,0,3,0%,89
track ip address,0,3,0%,89.33
searching ip addresses,0,3,0%,89.67
http 301 status,0,3,0%,90.33
generate email signature free,0,3,0%,90.67
ip info lookup,0,3,0%,90.67
external ip lookup,0,3,0%,91
mail signature generator,0,3,0%,92.67
create signature for email online,0,3,0%,93.67
ip address database,0,3,0%,93.67
locate an ip,0,3,0%,94.33
email signature creator free,0,3,0%,96.33
email signature free,0,3,0%,96.67
response 301,0,3,0%,96.67
signature email generator,0,3,0%,96.67
create an email signature online,0,3,0%,97
ip address location search,0,3,0%,97.33
email sig generator,0,3,0%,98
email signature maker online,0,3,0%,98.67
search i p address,0,3,0%,98.67
hybrid mail savings calculator,0,3,0%,99.33
free ip geolocation lookup,0,2,0%,19.5
ip address lookup - free,0,2,0%,20
ip detect,0,2,0%,42.5
jsonwebtoken online,0,2,0%,46
jwt decoder online tool,0,2,0%,48.5
online citation,0,2,0%,52.5
how do i check ip address,0,2,0%,53.5
lookup for ip,0,2,0%,53.5
ip resolver,0,2,0%,56.5
how to find the ip,0,2,0%,57
search by ip number,0,2,0%,57
ip database lookup,0,2,0%,59
ip search.,0,2,0%,59
cite online,0,2,0%,59.5
jwt token generator,0,2,0%,66
ip information finder,0,2,0%,70.5
create robots.txt online,0,2,0%,72
ip-adressen finder,0,2,0%,72.5
seo headline checker,0,2,0%,72.5
html signature online,0,2,0%,74
ipfinder,0,2,0%,75
signature maker gmail,0,2,0%,75
trace a ip address,0,2,0%,75
online cite generator,0,2,0%,75.5
create an email signature,0,2,0%,76
ip locator finder,0,2,0%,76.5
css gradient generator,0,2,0%,77.5
ip tracer online,0,2,0%,78
301 redirect checker,0,2,0%,78.5
ip adres zoeken,0,2,0%,79.5
zoek op ip,0,2,0%,79.5
check redirect,0,2,0%,80.5
free citiation,0,2,0%,80.5
ip address exact location,0,2,0%,80.5
ip zoeken op adres,0,2,0%,81
ip address location finder online,0,2,0%,81.5
trace ip address free,0,2,0%,82
301 vs 308,0,2,0%,82.5
search ip geolocation,0,2,0%,82.5
free html email signature creator,0,2,0%,83
ip resolve,0,2,0%,83
make html signature online,0,2,0%,83
ip address location,0,2,0%,83.5
headline analyzer,0,2,0%,84
ip adressen opzoeken,0,2,0%,84
ip zoeken,0,2,0%,84
address to ip lookup,0,2,0%,84.5
gmail signature maker free,0,2,0%,85
html signature maker,0,2,0%,85
ip address look up,0,2,0%,85
accurate ip lookup,0,2,0%,86.5
email signature generator gmail,0,2,0%,86.5
find ip address location,0,2,0%,86.5
search ip location,0,2,0%,87
website ip tracker,0,2,0%,87
email signature html generator free,0,2,0%,88
redirect tracer,0,2,0%,88
search this ip,0,2,0%,88.5
tls checker,0,2,0%,88.5
exif viewer online,0,2,0%,89
ip to address,0,2,0%,89
find ip adress,0,2,0%,89.5
free email signature creator,0,2,0%,89.5
free lookup ip address,0,2,0%,89.5
ip address location finder free online,0,2,0%,89.5
lookup ip address with ip lookup,0,2,0%,89.5
free online email signature generator,0,2,0%,90
search ip location finder,0,2,0%,90
image metadata viewer,0,2,0%,90.5
ip lookup website,0,2,0%,90.5
ip loookup,0,2,0%,90.5
b2b ip lookup,0,2,0%,91.5
ip check web,0,2,0%,92
ip location look up,0,2,0%,92
lookup site ip,0,2,0%,92
html signature editor,0,2,0%,92.5
investigate ip,0,2,0%,92.5
ipaddress lookup,0,2,0%,92.5
real time ip lookup,0,2,0%,92.5
find by ip address,0,2,0%,93
free signature generator for gmail,0,2,0%,93
redirect 301 code,0,2,0%,93
external ip address lookup,0,2,0%,93.5
ip locator free,0,2,0%,94.5
find by ip,0,2,0%,95
ip address lookup tools,0,2,0%,95
lookup public ip,0,2,0%,95.5
ip adresse finder,0,2,0%,96
ip-adresse finder,0,2,0%,96
private ip address lookup,0,2,0%,96
ip address lookup location,0,2,0%,96.5
ip location free,0,2,0%,96.5
ip tester online,0,2,0%,96.5
ip address check website,0,2,0%,97.5
ip address checker website,0,2,0%,97.5
free email signature maker,0,2,0%,98.5
ip company lookup,0,2,0%,98.5
locate ip adresse,0,2,0%,98.5
generator email signature,0,2,0%,99.5
signature generator email,0,2,0%,99.5
ip address for free,0,2,0%,116
photo metadata viewer,0,2,0%,161.5
"""geolocate ip api"" -site:reddit.com -site:twitter.com -site:x.com 
-site:wykop.pl -site:tripadvisor.com -site:youtube.com -site:yelp.com 
-site:booking.com -site:facebook.com -site:instagram.com -site:tiktok.com",0,1,0%,3
header checker,0,1,0%,15
iplookup online,0,1,0%,16
jwt resolver,0,1,0%,16
ip address finer,0,1,0%,18
ip address lookup website,0,1,0%,18
metadata analysis online,0,1,0%,18
ip findder,0,1,0%,19
iplook up,0,1,0%,19
ipp finder,0,1,0%,19
look up ip,0,1,0%,19
lookup for ip address,0,1,0%,19
lookup ip addresses,0,1,0%,19
buscar ip,0,1,0%,20
how to find the location with ip address,0,1,0%,31
how to find location of ip address,0,1,0%,32
how to find from ip address,0,1,0%,35
how to find an address from an ip address,0,1,0%,38
how to find location ip address,0,1,0%,38
how to know the ip address,0,1,0%,38
how to trace location of ip address,0,1,0%,38
with ip address how to find the location,0,1,0%,43
how to check ip number,0,1,0%,44
chars online,0,1,0%,45
ip address lookup site,0,1,0%,45
email signature online,0,1,0%,46
ipsum,0,1,0%,46
how can i check an ip address,0,1,0%,48
internet ip lookup,0,1,0%,48
online token counter,0,1,0%,48
how to use an ip address to find a location,0,1,0%,49
ip look upo,0,1,0%,49
how to find someone ip address,0,1,0%,50
how to see where ip address is from,0,1,0%,50
online vat,0,1,0%,51
how to find ip,0,1,0%,52
online citing,0,1,0%,52
online cite,0,1,0%,53
color palette extractor,0,1,0%,54
find ip address network,0,1,0%,55
how to locate with ip address,0,1,0%,55
reference generator,0,1,0%,55
how to create email signature,0,1,0%,56
snake case converter online,0,1,0%,56
destination ip address,0,1,0%,57
headers check,0,1,0%,57
how to locate ip location,0,1,0%,57
how to create an email signature,0,1,0%,58
how to find and ip address,0,1,0%,58
know ip address,0,1,0%,58
how to make email signature,0,1,0%,60
ip lookup nord,0,1,0%,60
reference online,0,1,0%,60
where is an ip address,0,1,0%,60
how to check the ip address,0,1,0%,61
remove blank lines,0,1,0%,63
generate lorem ipsum,0,1,0%,64
checking ip address,0,1,0%,65
how can you find out an ip address,0,1,0%,65
ip reader,0,1,0%,65
how to figure out ip address,0,1,0%,66
make email signature,0,1,0%,66
ip query,0,1,0%,67
jwt online,0,1,0%,67
web signature,0,1,0%,67
capitalization title tool,0,1,0%,68
citation website free,0,1,0%,68
free citing,0,1,0%,68
gmail html signature generator,0,1,0%,68
source creator,0,1,0%,68
url builder online,0,1,0%,68
creating email signature,0,1,0%,69
free citation,0,1,0%,69
online-metadata,0,1,0%,69
remove blank line,0,1,0%,69
create signature for email,0,1,0%,70
get location for ip address,0,1,0%,70
ip to isp,0,1,0%,70
regular expression tester,0,1,0%,70
google signature generator,0,1,0%,71
isp locator,0,1,0%,71
search ip tool,0,1,0%,71
html email signature generator free,0,1,0%,72
make an email signature,0,1,0%,72
user agent checker online,0,1,0%,72
find this ip,0,1,0%,73
free email signature html,0,1,0%,73
ip finder online,0,1,0%,73
build email signature,0,1,0%,74
check redirect online,0,1,0%,74
finder ip address,0,1,0%,74
how to resolve an ip address,0,1,0%,74
ip standort,0,1,0%,74
web color tester,0,1,0%,74
bmr compute,0,1,0%,75
free cite,0,1,0%,75
ip to geo lookup,0,1,0%,75
ipv4 lookup,0,1,0%,75
organization schema generator,0,1,0%,75
robot txt maker,0,1,0%,75
accurate ip address lookup,0,1,0%,76
ip adresse location,0,1,0%,76
localize ip address,0,1,0%,76
email signature creator html,0,1,0%,77
ip adres zoeken locatie,0,1,0%,77
ip tracking website,0,1,0%,77
location with ip address,0,1,0%,77
loren ip,0,1,0%,77
user agent lookup,0,1,0%,77
accurate ip locator,0,1,0%,78
color contrast checker,0,1,0%,78
gmail signature online,0,1,0%,78
online regex,0,1,0%,78
free cites,0,1,0%,79
meta data viewer,0,1,0%,79
redirect checker,0,1,0%,79
search mobile ip address,0,1,0%,79
track an ip,0,1,0%,79
analyze ip,0,1,0%,80
campaign url builder,0,1,0%,80
ip address resolve,0,1,0%,80
ip detector location,0,1,0%,80
ip host search,0,1,0%,80
lorem ipsum,0,1,0%,80
resolve ip address,0,1,0%,80
title seo checker,0,1,0%,80
trace ip free,0,1,0%,80
urlbilder,0,1,0%,80
web resizer,0,1,0%,80
contrast ratio check,0,1,0%,81
image meta data reader,0,1,0%,81
ip adddress lookup,0,1,0%,81
ip lockup,0,1,0%,81
location ip search,0,1,0%,81
looking for ip,0,1,0%,81
lookup ip geolocation,0,1,0%,81
create a email signature,0,1,0%,82
found ip,0,1,0%,82
i p address finder,0,1,0%,82
image meta data viewer,0,1,0%,82
ip address finder free,0,1,0%,82
ip vinder,0,1,0%,82
ip4 address lookup,0,1,0%,82
ipadress lookup,0,1,0%,82
track ip location,0,1,0%,82
caps tool,0,1,0%,83
check ip location,0,1,0%,83
contrast testing,0,1,0%,83
email signature designer,0,1,0%,83
google search ip address,0,1,0%,83
i.p address locator,0,1,0%,83
ip adres traceren,0,1,0%,83
ip look up[,0,1,0%,83
link redirect check,0,1,0%,83
look at ip address,0,1,0%,83
lorem,0,1,0%,83
online regex evaluator,0,1,0%,83
301 redirection check,0,1,0%,84
check contrast,0,1,0%,84
create html email signature free,0,1,0%,84
css radial gradient position,0,1,0%,84
email signature generator for gmail,0,1,0%,84
files signature,0,1,0%,84
free html email signature,0,1,0%,84
how to find a public ip address,0,1,0%,84
ip finder website,0,1,0%,84
ip geo lookup,0,1,0%,84
ip look,0,1,0%,84
ip lookuo,0,1,0%,84
ip lookup location finder,0,1,0%,84
iplockup,0,1,0%,84
lorem ipsum site,0,1,0%,84
order text,0,1,0%,84
redirect finder,0,1,0%,84
signature creator for gmail,0,1,0%,84
signature generator gmail,0,1,0%,84
detect ip location,0,1,0%,85
how trace an ip address,0,1,0%,85
information about ip address,0,1,0%,85
ip address find,0,1,0%,85
ip address range lookup,0,1,0%,85
ip adres opzoeken,0,1,0%,85
ip lopokup,0,1,0%,85
locate ip address free,0,1,0%,85
location ip address lookup,0,1,0%,85
location lookup by ip,0,1,0%,85
url location finder,0,1,0%,85
contrast check,0,1,0%,86
css gradient,0,1,0%,86
dnslookup online,0,1,0%,86
email signature create online,0,1,0%,86
fetch ip address,0,1,0%,86
find ip details,0,1,0%,86
free email signature generator gmail,0,1,0%,86
ip finde,0,1,0%,86
iploolup,0,1,0%,86
metadata viewr,0,1,0%,86
redirect link checker,0,1,0%,86
regular expression online,0,1,0%,86
search an ip,0,1,0%,86
signature generator for gmail,0,1,0%,86
track ip,0,1,0%,86
tracker ip online,0,1,0%,86
check color contrast,0,1,0%,87
check ip source,0,1,0%,87
dns query,0,1,0%,87
exif online view,0,1,0%,87
free ip search tool,0,1,0%,87
how trace ip address,0,1,0%,87
ip address search tool,0,1,0%,87
ip founder,0,1,0%,87
ip lokup,0,1,0%,87
ip lookup page,0,1,0%,87
ip lookupo,0,1,0%,87
jpeg metadata extractor,0,1,0%,87
location finder using ip,0,1,0%,87
looking up ip,0,1,0%,87
metadata online,0,1,0%,87
resolver ip address,0,1,0%,87
test color contrast,0,1,0%,87
trace ip adress,0,1,0%,87
up look up,0,1,0%,87
where is ip address,0,1,0%,87
best ip address lookup,0,1,0%,88
computer ip address lookup,0,1,0%,88
create html email signature,0,1,0%,88
email signature maker html,0,1,0%,88
find.ip,0,1,0%,88
instant ip lookup,0,1,0%,88
ip finder by username,0,1,0%,88
ip findwe,0,1,0%,88
ip isp lookup,0,1,0%,88
ip location detect,0,1,0%,88
ip location finde,0,1,0%,88
ip location searcher,0,1,0%,88
ip number finder,0,1,0%,88
ip search network,0,1,0%,88
ip trace website,0,1,0%,88
isp lookup,0,1,0%,88
pull ip address,0,1,0%,88
redirect 301 checker,0,1,0%,88
search on ip,0,1,0%,88
search up ip,0,1,0%,88
website color contrast checker,0,1,0%,88
address ip locator,0,1,0%,89
colors check,0,1,0%,89
create online email signature,0,1,0%,89
css radial gradient,0,1,0%,89
detect location of ip address,0,1,0%,89
determine location by ip,0,1,0%,89
email html signature generator,0,1,0%,89
email signature maker free,0,1,0%,89
file signature,0,1,0%,89
generate jwt token,0,1,0%,89
google ip address lookup,0,1,0%,89
how to track an ip address,0,1,0%,89
ip address checker,0,1,0%,89
ip address finder website,0,1,0%,89
ip address isp lookup,0,1,0%,89
ip decode,0,1,0%,89
ip verification,0,1,0%,89
lookup and ip address,0,1,0%,89
query dns,0,1,0%,89
test redirect,0,1,0%,89
title seo,0,1,0%,89
ıp search,0,1,0%,89
contrast color finder,0,1,0%,90
dns lookup,0,1,0%,90
generate email signature online,0,1,0%,90
ip address origin lookup,0,1,0%,90
ip to location lookup,0,1,0%,90
ipo lookup,0,1,0%,90
make email signature online,0,1,0%,90
online ip address checker,0,1,0%,90
301 vs 307,0,1,0%,91
find with ip,0,1,0%,91
free html signature generator,0,1,0%,91
free ip address tracker,0,1,0%,91
ip address checker free,0,1,0%,91
ip finder username,0,1,0%,91
ip loctor,0,1,0%,91
ip look uo,0,1,0%,91
public ip lookup,0,1,0%,91
response code 301,0,1,0%,91
trace an ip address,0,1,0%,91
view image metadata,0,1,0%,91
find ip addresses,0,1,0%,92
ip address finde,0,1,0%,92
ip pull,0,1,0%,92
whois ip address finder,0,1,0%,92
301 permanent redirect,0,1,0%,93
can you search an ip address,0,1,0%,93
free ip location,0,1,0%,93
free signature for email,0,1,0%,93
how to lookup ip,0,1,0%,93
ip address checker tool,0,1,0%,93
ip address checking website,0,1,0%,93
ip adressen achterhalen,0,1,0%,93
ip lookup link,0,1,0%,93
locating ip addresses,0,1,0%,93
location based on ip,0,1,0%,93
look up a ip address,0,1,0%,93
metadata lookup,0,1,0%,93
online email signature builder,0,1,0%,93
email signature builder,0,1,0%,94
free ip checker tool,0,1,0%,94
get metadata from image,0,1,0%,94
ip address tool,0,1,0%,94
ip dns checker,0,1,0%,94
ip location detector,0,1,0%,94
ip locator with address,0,1,0%,94
ip to address finder,0,1,0%,94
link to ip,0,1,0%,94
local ip address finder,0,1,0%,94
location lookup,0,1,0%,94
online color contrast checker,0,1,0%,94
online email signature,0,1,0%,94
online ip lookup tool,0,1,0%,94
ping locator,0,1,0%,94
public ip search,0,1,0%,94
radial gradient css,0,1,0%,94
capitalizer,0,1,0%,95
email signature code,0,1,0%,95
find source ip,0,1,0%,95
free ip address trace,0,1,0%,95
free ip tracker,0,1,0%,95
free persona generator,0,1,0%,95
ip checkers,0,1,0%,95
ip isp finder,0,1,0%,95
ip lookup database,0,1,0%,95
ip lookup range,0,1,0%,95
ip lookup tool free,0,1,0%,95
lookup ip information,0,1,0%,95
lookup ip location,0,1,0%,95
online ip address lookup,0,1,0%,95
website ip address lookup,0,1,0%,95
whois ip address locator,0,1,0%,95
301 http status,0,1,0%,96
can i look up ip addresses,0,1,0%,96
check ip free,0,1,0%,96
colour contrast checker,0,1,0%,96
email signature creator online,0,1,0%,96
email signature designer free,0,1,0%,96
email signatures generator,0,1,0%,96
free email signature designer,0,1,0%,96
free email signature generator online,0,1,0%,96
free ip lookup tool,0,1,0%,96
how to get ip addresses,0,1,0%,96
ip addresss lookup,0,1,0%,96
ip cheaker,0,1,0%,96
ip check website,0,1,0%,96
ip geolocation search,0,1,0%,96
ip location query,0,1,0%,96
ip provider lookup,0,1,0%,96
ip source,0,1,0%,96
online dns,0,1,0%,96
signature email creator,0,1,0%,96
find ip address free,0,1,0%,97
find ip net,0,1,0%,97
free ip search,0,1,0%,97
how to track an ip address for free,0,1,0%,97
ip address info lookup,0,1,0%,97
ip address look,0,1,0%,97
ip loockup,0,1,0%,97
ip lookup url,0,1,0%,97
mail signature maker,0,1,0%,97
private ip lookup,0,1,0%,97
search location by ip,0,1,0%,97
web resize,0,1,0%,97
contrast colour checker,0,1,0%,98
create email signature free,0,1,0%,98
create free email signatures,0,1,0%,98
find dns,0,1,0%,98
free online email signature maker,0,1,0%,98
free signature generator for email,0,1,0%,98
ip address query,0,1,0%,98
ip address search location,0,1,0%,98
ip check location,0,1,0%,98
ip locate,0,1,0%,98
ip to find,0,1,0%,98
ip-address-lookup,0,1,0%,98
iplookuip,0,1,0%,98
location ip lookup,0,1,0%,98
make an email signature online,0,1,0%,98
phone ip address lookup,0,1,0%,98
search the ip,0,1,0%,98
signature creator for email,0,1,0%,98
signature maker for email,0,1,0%,98
tracking an ip address,0,1,0%,98
address to ip,0,1,0%,99
adress ip lookup,0,1,0%,99
check ip provider,0,1,0%,99
colors contrast checker,0,1,0%,99
colour contrast analyser,0,1,0%,99
free ip lookups,0,1,0%,99
free ip puller,0,1,0%,99
i[ address lookup,0,1,0%,99
identify ip address,0,1,0%,99
image data viewer,0,1,0%,99
ip search location,0,1,0%,99
looking up ip addresses,0,1,0%,99
signature for email generator,0,1,0%,99
website ip lookup,0,1,0%,99
whois ip locator,0,1,0%,99
check an ip address,0,1,0%,100
company ip lookup,0,1,0%,100
create email signature for free,0,1,0%,100
create free email signature,0,1,0%,100
find address by ip address,0,1,0%,100
how to check ip address,0,1,0%,100
http 301,0,1,0%,100
ip block lookup,0,1,0%,100
lookup internet address,0,1,0%,100
online free email signature maker,0,1,0%,100
search for ip location,0,1,0%,100